account_id,name,address
95948,James Davis,"45 Riverside Drive, Cork"
83620,David Wilson,"122 Pine Road, Waterford"
43314,Michael Miller,"13 Elm Street, Belfast"
42247,Alex Jones,"21 Cedar Lane, Waterford"
17346,Daniel Wilson,"37 Riverside Drive, Limerick"
44476,David Martinez,"26 Cedar Lane, Cork"
43882,David Smith,"20 Sunset Boulevard, Belfast"
17821,Daniel Williams,"88 Cedar Lane, Limerick"
34108,Laura Jones,"183 Pine Road, Galway"
14184,Olivia Jones,"24 Oak Street, Dublin"
84256,Sarah Brown,"185 Elm Street, Waterford"
58064,Emma Williams,"123 Elm Street, Waterford"
94751,Emma Rodriguez,"158 Maple Avenue, Kilkenny"
36810,Maria Martinez,"81 Riverside Drive, Belfast"
21418,Sarah Miller,"81 Riverside Drive, Galway"
97730,Olivia Smith,"186 Sunset Boulevard, Limerick"
41740,John Johnson,"78 Cedar Lane, Dublin"
19986,Alex Smith,"130 Oak Street, Galway"
91558,Sophia Rodriguez,"139 Riverside Drive, Galway"
98849,Laura Wilson,"152 Oak Street, Cork"
55886,Daniel Jones,"57 Maple Avenue, Belfast"
36291,David Davis,"39 Elm Street, Dublin"
74670,Laura Rodriguez,"189 Maple Avenue, Galway"
97661,Laura Williams,"148 Oak Street, Limerick"
20307,James Williams,"149 Riverside Drive, Limerick"
63223,Daniel Smith,"39 Oak Street, Kilkenny"
34177,Sarah Jones,"63 Hillcrest Road, Limerick"
92255,Sophia Martinez,"67 Maple Avenue, Sligo"
19099,Michael Smith,"93 Pine Road, Waterford"
27543,John Jones,"90 Elm Street, Kilkenny"
89313,Olivia Williams,"72 Sunset Boulevard, Sligo"
56539,Sophia Smith,"11 Riverside Drive, Cork"
16913,Laura Smith,"142 Riverside Drive, Cork"
49823,Alex Jones,"1 Maple Avenue, Belfast"
79521,Sophia Jones,"196 Sunset Boulevard, Cork"
36459,Sarah Williams,"52 Oak Street, Belfast"
14006,James Johnson,"124 Maple Avenue, Galway"
26232,Daniel Davis,"106 Pine Road, Belfast"
88333,Olivia Brown,"145 Riverside Drive, Belfast"
46155,Sophia Smith,"130 Cedar Lane, Galway"
60840,James Miller,"74 Riverside Drive, Limerick"
66138,John Jones,"170 Hillcrest Road, Sligo"
58473,Sophia Brown,"162 Elm Street, Galway"
13356,James Jones,"85 Cedar Lane, Cork"
19675,James Davis,"154 Hillcrest Road, Dublin"
20457,Maria Jones,"172 Elm Street, Sligo"
96425,Sophia Martinez,"142 Elm Street, Galway"
71125,John Brown,"136 Maple Avenue, Kilkenny"
65773,James Miller,"140 Riverside Drive, Kilkenny"
58892,Maria Johnson,"192 Cedar Lane, Dublin"
86086,Laura Garcia,"68 Pine Road, Sligo"
26096,Sarah Jones,"154 Elm Street, Sligo"
30531,Sarah Garcia,"107 Sunset Boulevard, Waterford"
65156,Sarah Smith,"138 Elm Street, Galway"
64136,Laura Garcia,"146 Cedar Lane, Sligo"
10388,Laura Garcia,"58 Elm Street, Dublin"
24762,Laura Williams,"139 Sunset Boulevard, Sligo"
53016,Laura Johnson,"197 Oak Street, Belfast"
45539,James Johnson,"88 Maple Avenue, Sligo"
62106,Laura Brown,"183 Riverside Drive, Galway"
77917,Laura Miller,"68 Hillcrest Road, Sligo"
25073,John Davis,"156 Elm Street, Galway"
62595,Sarah Davis,"25 Pine Road, Sligo"
83051,James Miller,"200 Hillcrest Road, Waterford"
13861,David Smith,"185 Maple Avenue, Dublin"
48354,Michael Smith,"186 Sunset Boulevard, Kilkenny"
78416,Laura Wilson,"31 Hillcrest Road, Limerick"
52436,Michael Rodriguez,"82 Elm Street, Waterford"
37744,Sophia Miller,"115 Oak Street, Limerick"
26686,James Johnson,"43 Riverside Drive, Waterford"
66216,Sophia Smith,"182 Pine Road, Limerick"
46494,Laura Johnson,"178 Cedar Lane, Sligo"
58120,Alex Jones,"138 Riverside Drive, Kilkenny"
91099,John Brown,"171 Elm Street, Belfast"
13124,David Rodriguez,"90 Elm Street, Waterford"
57791,James Miller,"118 Hillcrest Road, Sligo"
47543,Alex Davis,"157 Sunset Boulevard, Cork"
59940,James Smith,"74 Elm Street, Kilkenny"
10180,Olivia Davis,"3 Elm Street, Limerick"
29210,David Brown,"69 Oak Street, Kilkenny"
62495,Olivia Miller,"154 Elm Street, Limerick"
11916,John Miller,"42 Cedar Lane, Kilkenny"
83785,Sophia Martinez,"141 Hillcrest Road, Cork"
25733,David Brown,"63 Sunset Boulevard, Kilkenny"
82526,John Davis,"136 Riverside Drive, Galway"
54718,Emma Davis,"115 Oak Street, Sligo"
47933,Emma Brown,"79 Elm Street, Kilkenny"
13206,Michael Brown,"71 Hillcrest Road, Sligo"
82007,Sarah Williams,"99 Oak Street, Cork"
79212,Sophia Rodriguez,"177 Oak Street, Belfast"
91001,Maria Martinez,"127 Maple Avenue, Waterford"
87394,Daniel Smith,"142 Sunset Boulevard, Waterford"
25635,David Martinez,"75 Maple Avenue, Galway"
61708,John Davis,"142 Elm Street, Dublin"
47450,Olivia Smith,"2 Cedar Lane, Limerick"
59399,Michael Jones,"5 Hillcrest Road, Kilkenny"
46662,Michael Johnson,"87 Elm Street, Kilkenny"
18486,Olivia Rodriguez,"20 Oak Street, Dublin"
15680,John Miller,"125 Sunset Boulevard, Sligo"
37628,Maria Johnson,"30 Pine Road, Cork"
39116,Olivia Johnson,"62 Oak Street, Cork"
68126,Olivia Davis,"162 Maple Avenue, Limerick"
19413,Sophia Jones,"52 Sunset Boulevard, Limerick"
30817,Daniel Johnson,"134 Hillcrest Road, Limerick"
11356,Maria Williams,"147 Oak Street, Galway"
24815,Laura Garcia,"134 Riverside Drive, Kilkenny"
84211,John Garcia,"23 Maple Avenue, Dublin"
37781,David Wilson,"105 Riverside Drive, Belfast"
63848,Emma Williams,"57 Oak Street, Limerick"
17880,Emma Davis,"52 Pine Road, Cork"
77524,Maria Martinez,"55 Elm Street, Sligo"
35504,Daniel Garcia,"53 Cedar Lane, Kilkenny"
34629,Alex Martinez,"67 Sunset Boulevard, Galway"
27497,John Garcia,"165 Maple Avenue, Limerick"
77013,Emma Garcia,"137 Sunset Boulevard, Waterford"
19372,Michael Johnson,"33 Maple Avenue, Belfast"
91678,Laura Garcia,"104 Cedar Lane, Waterford"
66106,Michael Davis,"56 Pine Road, Galway"
85441,John Garcia,"125 Hillcrest Road, Sligo"
19086,Laura Brown,"88 Cedar Lane, Sligo"
28382,Daniel Miller,"64 Maple Avenue, Kilkenny"
97989,David Williams,"177 Pine Road, Kilkenny"
21698,Emma Miller,"48 Cedar Lane, Dublin"
52219,David Davis,"157 Oak Street, Kilkenny"
13989,Sophia Rodriguez,"95 Cedar Lane, Dublin"
48786,Sophia Martinez,"56 Hillcrest Road, Dublin"
76500,John Garcia,"176 Sunset Boulevard, Cork"
90869,David Jones,"143 Sunset Boulevard, Waterford"
26168,Maria Williams,"120 Cedar Lane, Belfast"
60048,Sophia Williams,"132 Hillcrest Road, Waterford"
80893,Alex Wilson,"36 Cedar Lane, Sligo"
94638,David Wilson,"139 Cedar Lane, Cork"
47857,James Garcia,"133 Cedar Lane, Dublin"
85466,David Williams,"131 Cedar Lane, Dublin"
15757,Sophia Williams,"79 Sunset Boulevard, Dublin"
54765,Daniel Johnson,"88 Maple Avenue, Galway"
52697,Sarah Davis,"39 Hillcrest Road, Sligo"
29623,James Smith,"134 Riverside Drive, Waterford"
31172,Olivia Smith,"102 Sunset Boulevard, Dublin"
88654,Michael Rodriguez,"128 Oak Street, Kilkenny"
85173,Emma Martinez,"141 Sunset Boulevard, Cork"
12247,Laura Smith,"200 Pine Road, Dublin"
57417,Daniel Smith,"175 Hillcrest Road, Limerick"
39643,Emma Davis,"33 Elm Street, Cork"
77426,Alex Miller,"136 Elm Street, Dublin"
86347,Michael Johnson,"31 Pine Road, Galway"
21489,Daniel Jones,"50 Riverside Drive, Galway"
72340,John Rodriguez,"58 Pine Road, Belfast"
13664,Emma Wilson,"1 Cedar Lane, Galway"
91658,Olivia Davis,"106 Cedar Lane, Sligo"
98172,Emma Williams,"110 Cedar Lane, Limerick"
89637,Olivia Smith,"50 Cedar Lane, Dublin"
35401,John Miller,"164 Sunset Boulevard, Belfast"
17670,Daniel Smith,"186 Hillcrest Road, Cork"
86543,Sophia Davis,"180 Hillcrest Road, Belfast"
71048,Maria Brown,"124 Maple Avenue, Belfast"
98254,Sarah Rodriguez,"3 Pine Road, Sligo"
10474,John Rodriguez,"95 Elm Street, Cork"
26066,James Jones,"161 Pine Road, Waterford"
77521,Michael Martinez,"104 Sunset Boulevard, Galway"
34002,James Johnson,"200 Oak Street, Waterford"
97918,Daniel Smith,"123 Riverside Drive, Sligo"
74228,Sarah Martinez,"44 Sunset Boulevard, Sligo"
14961,John Davis,"179 Riverside Drive, Dublin"
33376,Emma Smith,"35 Sunset Boulevard, Kilkenny"
86693,James Jones,"164 Cedar Lane, Kilkenny"
59791,Emma Martinez,"93 Elm Street, Cork"
16198,Laura Williams,"167 Elm Street, Limerick"
87921,Alex Brown,"3 Hillcrest Road, Galway"
67504,Sophia Martinez,"130 Pine Road, Dublin"
46545,David Davis,"101 Sunset Boulevard, Waterford"
80451,Sophia Wilson,"3 Hillcrest Road, Cork"
29836,John Johnson,"74 Sunset Boulevard, Waterford"
55558,James Wilson,"110 Sunset Boulevard, Sligo"
87813,Olivia Johnson,"55 Hillcrest Road, Galway"
86015,Sarah Miller,"151 Sunset Boulevard, Kilkenny"
52017,Maria Wilson,"152 Riverside Drive, Sligo"
37924,Laura Davis,"144 Sunset Boulevard, Sligo"
82269,Maria Martinez,"175 Oak Street, Galway"
40659,Sophia Rodriguez,"173 Sunset Boulevard, Kilkenny"
38621,John Wilson,"37 Maple Avenue, Dublin"
92889,John Martinez,"90 Cedar Lane, Waterford"
35861,David Johnson,"103 Cedar Lane, Galway"
52609,Sophia Brown,"53 Pine Road, Limerick"
65864,Maria Brown,"197 Hillcrest Road, Dublin"
16077,Alex Jones,"35 Riverside Drive, Waterford"
27800,Olivia Davis,"28 Sunset Boulevard, Waterford"
73634,Daniel Johnson,"43 Hillcrest Road, Waterford"
46986,James Martinez,"81 Hillcrest Road, Belfast"
16628,Sarah Rodriguez,"164 Pine Road, Galway"
48880,Alex Martinez,"85 Pine Road, Kilkenny"
26918,Alex Miller,"81 Hillcrest Road, Belfast"
65559,Sophia Miller,"7 Maple Avenue, Kilkenny"
26696,Sarah Rodriguez,"73 Maple Avenue, Kilkenny"
60947,Sarah Brown,"145 Elm Street, Dublin"
94706,Alex Davis,"55 Elm Street, Galway"
90725,David Williams,"35 Oak Street, Cork"
88060,David Johnson,"107 Pine Road, Waterford"
57726,John Davis,"22 Cedar Lane, Belfast"
79279,James Martinez,"190 Oak Street, Galway"
92221,David Garcia,"125 Sunset Boulevard, Sligo"
31658,Alex Wilson,"73 Riverside Drive, Cork"
15248,Maria Martinez,"86 Elm Street, Belfast"
91173,Sarah Wilson,"18 Pine Road, Cork"
62345,Laura Miller,"189 Cedar Lane, Cork"
70629,Michael Rodriguez,"172 Oak Street, Belfast"
98298,Sarah Williams,"118 Elm Street, Cork"
30943,Sarah Brown,"85 Sunset Boulevard, Dublin"
48388,Alex Smith,"63 Hillcrest Road, Limerick"
50515,Sarah Miller,"153 Pine Road, Limerick"
68436,Emma Johnson,"189 Oak Street, Cork"
40987,Sophia Martinez,"72 Pine Road, Cork"
27482,Sophia Smith,"93 Elm Street, Dublin"
60011,Daniel Garcia,"42 Maple Avenue, Dublin"
27789,Laura Johnson,"199 Riverside Drive, Limerick"
36313,David Smith,"102 Sunset Boulevard, Sligo"
85043,Sarah Rodriguez,"103 Cedar Lane, Cork"
58434,James Rodriguez,"134 Maple Avenue, Belfast"
31233,Daniel Wilson,"55 Maple Avenue, Waterford"
24213,Alex Williams,"139 Elm Street, Belfast"
25000,Maria Martinez,"48 Elm Street, Galway"
95232,John Rodriguez,"124 Sunset Boulevard, Limerick"
81469,Sarah Johnson,"130 Elm Street, Belfast"
83652,Maria Brown,"121 Elm Street, Limerick"
81029,Michael Garcia,"163 Elm Street, Waterford"
32252,Michael Brown,"111 Elm Street, Belfast"
85557,James Smith,"69 Oak Street, Kilkenny"
31463,Sarah Garcia,"113 Hillcrest Road, Galway"
57819,John Garcia,"141 Elm Street, Sligo"
93257,Daniel Williams,"50 Riverside Drive, Sligo"
78353,John Rodriguez,"87 Oak Street, Galway"
88706,Laura Williams,"49 Elm Street, Kilkenny"
45571,Emma Martinez,"93 Cedar Lane, Limerick"
74104,Sarah Rodriguez,"106 Riverside Drive, Kilkenny"
46992,James Williams,"15 Cedar Lane, Dublin"
92829,Michael Jones,"2 Sunset Boulevard, Kilkenny"
94400,Michael Miller,"104 Cedar Lane, Dublin"
54275,Alex Jones,"90 Oak Street, Sligo"
54296,Alex Garcia,"135 Oak Street, Belfast"
74699,John Williams,"171 Riverside Drive, Limerick"
71242,James Davis,"9 Hillcrest Road, Kilkenny"
66463,John Wilson,"104 Sunset Boulevard, Kilkenny"
23982,James Jones,"81 Pine Road, Kilkenny"
62692,Maria Miller,"186 Maple Avenue, Sligo"
94606,Sophia Davis,"154 Elm Street, Waterford"
11449,Daniel Miller,"6 Hillcrest Road, Waterford"
95599,Michael Wilson,"70 Maple Avenue, Sligo"
69833,Laura Garcia,"200 Hillcrest Road, Kilkenny"
55030,Olivia Martinez,"8 Elm Street, Sligo"
96772,Laura Brown,"127 Oak Street, Dublin"
14567,Sophia Davis,"52 Elm Street, Belfast"
83943,David Wilson,"188 Cedar Lane, Belfast"
82735,James Smith,"105 Riverside Drive, Limerick"
95230,Sophia Rodriguez,"48 Sunset Boulevard, Limerick"
31527,Sarah Garcia,"145 Oak Street, Kilkenny"
60199,Sophia Brown,"114 Sunset Boulevard, Limerick"
88213,David Williams,"8 Pine Road, Kilkenny"
97132,Sophia Jones,"183 Oak Street, Belfast"
93890,Maria Smith,"163 Riverside Drive, Cork"
98909,Michael Rodriguez,"83 Maple Avenue, Limerick"
27223,Sophia Rodriguez,"165 Cedar Lane, Kilkenny"
63099,Alex Martinez,"170 Elm Street, Kilkenny"
77356,Daniel Martinez,"158 Oak Street, Sligo"
23382,David Garcia,"142 Hillcrest Road, Galway"
31903,Alex Brown,"183 Cedar Lane, Waterford"
30746,Alex Miller,"32 Oak Street, Cork"
59505,Daniel Wilson,"113 Pine Road, Limerick"
41546,David Williams,"178 Sunset Boulevard, Cork"
55200,Maria Johnson,"134 Elm Street, Galway"
91331,Olivia Rodriguez,"24 Cedar Lane, Dublin"
22047,James Jones,"37 Sunset Boulevard, Belfast"
47532,Sophia Jones,"89 Riverside Drive, Sligo"
61279,Maria Smith,"51 Maple Avenue, Dublin"
34650,Daniel Miller,"37 Elm Street, Belfast"
92669,John Davis,"72 Pine Road, Kilkenny"
67396,Maria Johnson,"32 Riverside Drive, Sligo"
84118,Michael Jones,"56 Maple Avenue, Waterford"
61934,Sarah Johnson,"36 Maple Avenue, Cork"
35227,Emma Brown,"44 Hillcrest Road, Sligo"
34083,Michael Davis,"37 Hillcrest Road, Cork"
61550,Maria Brown,"98 Riverside Drive, Galway"
81634,David Jones,"195 Hillcrest Road, Dublin"
74428,Laura Martinez,"15 Cedar Lane, Kilkenny"
37798,Sarah Wilson,"54 Elm Street, Cork"
21399,David Williams,"41 Pine Road, Sligo"
29600,Daniel Martinez,"184 Elm Street, Limerick"
81675,Alex Smith,"53 Maple Avenue, Kilkenny"
47862,James Williams,"77 Riverside Drive, Galway"
84455,Daniel Smith,"118 Maple Avenue, Galway"
78528,Laura Rodriguez,"120 Pine Road, Belfast"
47801,John Johnson,"44 Cedar Lane, Dublin"
44060,Sarah Davis,"151 Cedar Lane, Kilkenny"
32832,Sophia Davis,"68 Sunset Boulevard, Limerick"
88716,Emma Rodriguez,"113 Cedar Lane, Galway"
14117,Sophia Jones,"44 Cedar Lane, Dublin"
55044,Emma Wilson,"74 Riverside Drive, Galway"
39776,Maria Davis,"113 Maple Avenue, Kilkenny"
84845,Sarah Rodriguez,"89 Riverside Drive, Waterford"
32687,Michael Wilson,"97 Cedar Lane, Dublin"
91537,David Martinez,"163 Pine Road, Sligo"
45153,Sophia Davis,"16 Maple Avenue, Kilkenny"
21453,John Garcia,"90 Sunset Boulevard, Waterford"
82095,Sophia Johnson,"114 Riverside Drive, Galway"
39966,Alex Johnson,"2 Riverside Drive, Limerick"
56961,John Brown,"83 Riverside Drive, Galway"
91712,Maria Martinez,"181 Maple Avenue, Dublin"
13787,Laura Wilson,"88 Elm Street, Cork"
13057,David Williams,"64 Elm Street, Cork"
42371,David Williams,"102 Elm Street, Belfast"
70180,Michael Garcia,"19 Oak Street, Galway"
15004,Sarah Martinez,"4 Hillcrest Road, Limerick"
86013,Daniel Smith,"124 Sunset Boulevard, Belfast"
94714,Sophia Brown,"85 Cedar Lane, Dublin"
90540,Maria Brown,"8 Maple Avenue, Galway"
52055,Maria Garcia,"136 Sunset Boulevard, Limerick"
18838,Alex Martinez,"163 Elm Street, Limerick"
73980,Laura Martinez,"92 Cedar Lane, Limerick"
21415,David Jones,"172 Maple Avenue, Kilkenny"
77513,Laura Smith,"35 Hillcrest Road, Belfast"
22367,Maria Martinez,"51 Elm Street, Dublin"
13883,David Smith,"74 Sunset Boulevard, Cork"
40733,Daniel Miller,"77 Cedar Lane, Belfast"
52137,David Brown,"158 Cedar Lane, Sligo"
29593,Laura Jones,"9 Cedar Lane, Dublin"
17413,Emma Martinez,"195 Riverside Drive, Kilkenny"
70437,Olivia Miller,"185 Oak Street, Belfast"
87459,Alex Jones,"102 Cedar Lane, Belfast"
86494,Laura Jones,"188 Sunset Boulevard, Dublin"
51246,Sarah Williams,"142 Oak Street, Limerick"
27620,Daniel Wilson,"79 Sunset Boulevard, Sligo"
31933,David Williams,"15 Elm Street, Cork"
11336,Emma Smith,"64 Pine Road, Sligo"
63285,Sarah Williams,"159 Oak Street, Cork"
33347,David Jones,"157 Sunset Boulevard, Sligo"
93496,Emma Miller,"55 Sunset Boulevard, Sligo"
37988,Olivia Martinez,"80 Sunset Boulevard, Belfast"
60663,Maria Smith,"86 Hillcrest Road, Cork"
90213,Laura Smith,"33 Riverside Drive, Kilkenny"
91435,David Smith,"2 Sunset Boulevard, Dublin"
44502,Maria Williams,"27 Elm Street, Kilkenny"
17320,Maria Martinez,"117 Sunset Boulevard, Belfast"
47808,James Garcia,"200 Elm Street, Belfast"
47103,Daniel Davis,"33 Pine Road, Sligo"
67443,Sarah Brown,"134 Cedar Lane, Galway"
77262,Daniel Garcia,"46 Sunset Boulevard, Limerick"
39453,James Smith,"166 Cedar Lane, Limerick"
64713,John Johnson,"87 Oak Street, Belfast"
74894,Emma Garcia,"190 Sunset Boulevard, Belfast"
89946,John Brown,"125 Maple Avenue, Cork"
26742,Laura Miller,"18 Maple Avenue, Waterford"
98794,Sarah Martinez,"10 Maple Avenue, Cork"
75723,Olivia Williams,"141 Pine Road, Waterford"
16402,Sarah Rodriguez,"146 Maple Avenue, Limerick"
54885,Olivia Williams,"53 Riverside Drive, Galway"
47984,Sarah Brown,"111 Riverside Drive, Kilkenny"
57663,John Johnson,"101 Oak Street, Belfast"
50973,Emma Miller,"128 Maple Avenue, Galway"
22385,Sarah Davis,"64 Sunset Boulevard, Dublin"
77145,Michael Williams,"7 Cedar Lane, Cork"
94928,John Williams,"19 Pine Road, Belfast"
17993,Alex Smith,"170 Sunset Boulevard, Belfast"
38899,Laura Smith,"119 Sunset Boulevard, Waterford"
82789,Maria Garcia,"57 Oak Street, Galway"
43403,Laura Brown,"183 Hillcrest Road, Dublin"
45495,Michael Smith,"140 Elm Street, Kilkenny"
77535,Michael Johnson,"25 Maple Avenue, Sligo"
75042,Sophia Jones,"52 Cedar Lane, Limerick"
53131,Emma Garcia,"41 Elm Street, Sligo"
91710,Olivia Williams,"53 Sunset Boulevard, Limerick"
26514,Sophia Smith,"135 Sunset Boulevard, Limerick"
17232,Laura Wilson,"71 Cedar Lane, Waterford"
89176,Sarah Johnson,"105 Cedar Lane, Galway"
93809,Sophia Brown,"68 Riverside Drive, Dublin"
32552,Sophia Smith,"145 Cedar Lane, Cork"
63368,John Johnson,"56 Elm Street, Limerick"
65428,David Jones,"35 Hillcrest Road, Limerick"
40198,Alex Williams,"6 Maple Avenue, Kilkenny"
43108,Maria Martinez,"109 Sunset Boulevard, Kilkenny"
10585,Michael Davis,"71 Riverside Drive, Belfast"
69791,Michael Rodriguez,"160 Maple Avenue, Belfast"
51596,James Rodriguez,"150 Oak Street, Sligo"
63538,Alex Brown,"134 Hillcrest Road, Cork"
91142,Michael Rodriguez,"159 Pine Road, Waterford"
42252,Sophia Johnson,"150 Sunset Boulevard, Kilkenny"
61582,David Garcia,"77 Riverside Drive, Belfast"
19523,Michael Wilson,"179 Elm Street, Sligo"
46369,Emma Jones,"85 Sunset Boulevard, Sligo"
72758,Emma Brown,"197 Oak Street, Dublin"
68484,Michael Wilson,"53 Elm Street, Kilkenny"
39175,Laura Wilson,"123 Elm Street, Kilkenny"
28504,Maria Jones,"169 Oak Street, Sligo"
33057,Olivia Jones,"21 Hillcrest Road, Cork"
79792,David Smith,"72 Elm Street, Kilkenny"
71914,Daniel Johnson,"76 Riverside Drive, Belfast"
44286,Sophia Davis,"160 Cedar Lane, Cork"
25633,Daniel Williams,"32 Sunset Boulevard, Sligo"
44289,Michael Miller,"68 Riverside Drive, Galway"
13484,Maria Davis,"129 Cedar Lane, Galway"
33783,Emma Garcia,"158 Cedar Lane, Belfast"
35919,Olivia Rodriguez,"168 Elm Street, Belfast"
20233,Michael Davis,"60 Riverside Drive, Belfast"
84640,Olivia Smith,"131 Pine Road, Sligo"
17948,Alex Martinez,"128 Riverside Drive, Kilkenny"
52087,Maria Brown,"120 Hillcrest Road, Belfast"
67701,Alex Brown,"116 Maple Avenue, Waterford"
42747,Sarah Brown,"179 Hillcrest Road, Waterford"
10869,John Williams,"5 Hillcrest Road, Dublin"
78987,Maria Smith,"55 Oak Street, Limerick"
70219,John Johnson,"59 Maple Avenue, Sligo"
40856,Alex Rodriguez,"39 Elm Street, Sligo"
87432,John Martinez,"107 Pine Road, Dublin"
19949,David Garcia,"166 Hillcrest Road, Sligo"
54123,Olivia Rodriguez,"79 Pine Road, Limerick"
95997,Michael Martinez,"118 Elm Street, Waterford"
30496,John Wilson,"28 Riverside Drive, Galway"
78633,James Davis,"20 Maple Avenue, Waterford"
11352,Alex Johnson,"38 Hillcrest Road, Sligo"
32283,James Johnson,"41 Pine Road, Cork"
96035,Laura Garcia,"59 Maple Avenue, Sligo"
55992,John Miller,"18 Sunset Boulevard, Galway"
21707,Michael Rodriguez,"81 Pine Road, Dublin"
40079,Sarah Wilson,"112 Elm Street, Belfast"
66158,Emma Martinez,"99 Cedar Lane, Waterford"
77395,Olivia Jones,"178 Riverside Drive, Kilkenny"
86646,Sarah Williams,"29 Hillcrest Road, Galway"
55047,James Martinez,"78 Pine Road, Waterford"
95157,Emma Jones,"67 Elm Street, Galway"
83776,Maria Smith,"105 Pine Road, Kilkenny"
99755,Michael Johnson,"45 Pine Road, Kilkenny"
32998,James Wilson,"1 Elm Street, Galway"
89178,Daniel Garcia,"76 Cedar Lane, Galway"
97280,Maria Wilson,"104 Oak Street, Galway"
10506,David Jones,"106 Pine Road, Waterford"
62377,Olivia Brown,"156 Pine Road, Sligo"
25726,Olivia Davis,"144 Riverside Drive, Galway"
94193,David Rodriguez,"28 Cedar Lane, Sligo"
48606,John Martinez,"33 Elm Street, Waterford"
60001,Alex Brown,"57 Cedar Lane, Kilkenny"
34223,Sophia Davis,"55 Riverside Drive, Belfast"
13416,Emma Wilson,"58 Pine Road, Dublin"
73556,Emma Rodriguez,"154 Oak Street, Belfast"
42494,Olivia Rodriguez,"146 Pine Road, Waterford"
73332,Laura Miller,"138 Elm Street, Galway"
99694,Sophia Rodriguez,"10 Elm Street, Belfast"
64070,Laura Davis,"42 Elm Street, Galway"
69313,Alex Davis,"143 Riverside Drive, Cork"
39629,Michael Jones,"178 Cedar Lane, Sligo"
94956,Alex Jones,"144 Riverside Drive, Limerick"
51089,Laura Garcia,"41 Maple Avenue, Galway"
11254,Maria Brown,"48 Elm Street, Kilkenny"
23780,David Williams,"197 Hillcrest Road, Cork"
86556,Michael Brown,"113 Elm Street, Kilkenny"
72838,Laura Martinez,"18 Elm Street, Waterford"
67687,Maria Martinez,"196 Riverside Drive, Belfast"
95291,Michael Garcia,"159 Oak Street, Sligo"
39313,John Jones,"90 Riverside Drive, Waterford"
93774,James Jones,"97 Elm Street, Waterford"
40540,Daniel Martinez,"168 Pine Road, Cork"
73732,Laura Williams,"139 Maple Avenue, Galway"
59639,Emma Miller,"19 Riverside Drive, Dublin"
20507,Olivia Rodriguez,"17 Maple Avenue, Dublin"
64246,Laura Smith,"182 Riverside Drive, Galway"
89612,Daniel Jones,"194 Cedar Lane, Cork"
28442,Emma Rodriguez,"145 Elm Street, Dublin"
58984,Daniel Brown,"123 Pine Road, Cork"
91402,Alex Rodriguez,"161 Hillcrest Road, Dublin"
41979,Daniel Williams,"168 Elm Street, Cork"
59502,Emma Garcia,"105 Hillcrest Road, Cork"
85922,John Rodriguez,"94 Pine Road, Sligo"
51216,Olivia Martinez,"180 Pine Road, Waterford"
78078,John Miller,"48 Riverside Drive, Limerick"
38921,David Rodriguez,"132 Pine Road, Belfast"
58244,Emma Wilson,"6 Hillcrest Road, Limerick"
85869,Sarah Miller,"159 Pine Road, Sligo"
82487,Daniel Miller,"195 Riverside Drive, Belfast"
66787,Alex Rodriguez,"26 Elm Street, Sligo"
62836,Sarah Brown,"85 Pine Road, Sligo"
72278,Laura Davis,"100 Cedar Lane, Limerick"
67303,Laura Smith,"145 Cedar Lane, Belfast"
68861,Emma Rodriguez,"115 Sunset Boulevard, Cork"
59344,Olivia Jones,"160 Sunset Boulevard, Limerick"
49171,John Martinez,"172 Hillcrest Road, Dublin"
53017,Daniel Smith,"120 Hillcrest Road, Belfast"
66755,Laura Martinez,"93 Elm Street, Sligo"
54549,Olivia Miller,"41 Hillcrest Road, Kilkenny"
45393,Emma Wilson,"84 Sunset Boulevard, Galway"
95324,Emma Brown,"136 Cedar Lane, Sligo"
95274,Laura Jones,"120 Maple Avenue, Kilkenny"
45548,Maria Wilson,"163 Maple Avenue, Dublin"
33687,Michael Wilson,"175 Pine Road, Belfast"
82324,David Smith,"60 Maple Avenue, Limerick"
86650,David Rodriguez,"156 Sunset Boulevard, Kilkenny"
90467,Laura Williams,"8 Maple Avenue, Galway"
14671,Michael Rodriguez,"133 Pine Road, Sligo"
89082,Michael Smith,"188 Hillcrest Road, Belfast"
49999,James Miller,"47 Riverside Drive, Limerick"
85241,Emma Brown,"57 Maple Avenue, Kilkenny"
46588,Laura Miller,"68 Cedar Lane, Dublin"
54341,Michael Davis,"164 Maple Avenue, Belfast"
57074,James Jones,"76 Sunset Boulevard, Dublin"
